row_index,actual,predicted,probability_class_1
219,0,0,0.2133254997622165
271,0,1,0.603737755257426
89,0,0,0.025006482831710922
101,0,0,0.03659502512273826
67,0,0,0.34766161759356595
244,0,0,0.014698988812202636
185,0,0,0.17042516702495722
233,0,0,0.2438054515294853
168,1,1,0.7568597356581884
197,0,0,0.36221420497099205
137,1,1,0.9453051678734506
21,0,0,0.02060260854633445
302,0,0,0.04071921703087392
187,1,1,0.9908257755357933
64,1,1,0.9420833517266364
296,1,1,0.9856856743210612
23,1,1,0.843671049115575
196,0,1,0.5376594460121485
6,1,1,0.7679020677300376
300,1,1,0.9624478932628611
33,0,1,0.7294372835246516
269,0,0,0.04905016831935737
113,1,1,0.8295317387408628
179,0,1,0.6839936410583721
231,1,1,0.7862358354558253
277,0,0,0.04694038719325699
234,0,0,0.05975749991711026
104,1,1,0.9754234363175468
3,0,0,0.09369098440355256
264,1,1,0.9400488430680626
115,0,0,0.41129559305617047
286,1,1,0.95782045975523
292,1,1,0.5365893850378198
287,0,1,0.5552763041617887
100,0,0,0.15365980079944527
157,1,1,0.9387774122942641
212,0,0,0.21686046719057933
66,1,0,0.2695537827494611
166,0,0,0.04543610314932791
284,1,1,0.7752265848345786
92,0,1,0.97741635670175
62,1,1,0.9983831468794934
235,1,1,0.986983105543802
213,1,1,0.959805091921485
160,0,0,0.13443892756325476
87,0,0,0.08287803053206039
282,1,1,0.889214522371361
162,0,0,0.02849267992139168
205,1,1,0.9985414458350684
186,0,0,0.11520734198342475
134,0,0,0.027750636144531125
76,1,1,0.9797273569023772
131,0,0,0.4127218861259415
34,0,0,0.06908566666426989
172,1,0,0.43653420239725893
270,1,1,0.9418841825865223
285,1,1,0.9851510706990987
243,1,1,0.7571874540018336
94,0,0,0.015500822814637152
291,0,0,0.03699746802391377
155,1,1,0.9942551404192781
